{"name":"ttb_wine-statistical-report-by-state-2014","title":"Wine Statistical Report by State - 2014","description":"Data for Wine Statistical Releases is derived directly from the Report of Wine Premises Operations Form 5120.17. This form must be filed with TTB 15 days after the close of the period. The Wine Statistical Release report is generated approximately 45 days after the due date._In some cases, data was extracted from tables in PDFs by data.world to create machine readble tables._\n\n**_Source:_** https://www.ttb.gov/wine/wine-stats.shtml","homepage":"https://data.world/ttb/wine-statistical-report-by-state-2014","license":"Public Domain","resources":[{"name":"2014_wine_page_1_of_3","schema":{"fields":[{"name":"bulk_wine_gallons_by_state","title":"Bulk\nWine Gallons\nBy State","type":"string","rdfType":"http://www.w3.org/2001/XMLSchema#string","dwSourceId":"bulk_wine_gallons_by_state"},{"name":"still_wines_production","title":"Still Wines/Production","type":"integer","rdfType":"http://www.w3.org/2001/XMLSchema#integer","dwSourceId":"still_wines_production"},{"name":"still_wines_taxable_withdrawals_not_over_14_alcohol","title":"Still Wines/Taxable Withdrawals/Not over\n14 % Alcohol","type":"integer","rdfType":"http://www.w3.org/2001/XMLSchema#integer","dwSourceId":"still_wines_taxable_withdrawals_not_over_14_alcohol"},{"name":"still_wines_taxable_withdrawals_over_14_alcohol","title":"Still Wines/Taxable Withdrawals/Over 14 % Alcohol","type":"integer","rdfType":"http://www.w3.org/2001/XMLSchema#integer","dwSourceId":"still_wines_taxable_withdrawals_over_14_alcohol"},{"name":"still_wines_taxable_withdrawals_3_cider","title":"Still Wines/Taxable Withdrawals/3/\nCider","type":"integer","rdfType":"http://www.w3.org/2001/XMLSchema#integer","dwSourceId":"still_wines_taxable_withdrawals_3_cider"},{"name":"still_wines_stocks_end_of_month_not_over_14_alcohol","title":"Still Wines/Stocks End of Month/Not over\n14 % Alcohol","type":"string","rdfType":"http://www.w3.org/2001/XMLSchema#string","dwSourceId":"still_wines_stocks_end_of_month_not_over_14_alcohol"},{"name":"still_wines_stocks_end_of_month_over_14_alcohol","title":"Still Wines/Stocks End of Month/Over 14 % Alcohol","type":"string","rdfType":"http://www.w3.org/2001/XMLSchema#string","dwSourceId":"still_wines_stocks_end_of_month_over_14_alcohol"},{"name":"still_wines_stocks_end_of_month_cider","title":"Still Wines/Stocks End of Month/Cider","type":"string","rdfType":"http://www.w3.org/2001/XMLSchema#string","dwSourceId":"still_wines_stocks_end_of_month_cider"},{"name":"special_natural_wines_vermouth_production","title":"Special Natural Wines/Vermouth/Production","type":"integer","rdfType":"http://www.w3.org/2001/XMLSchema#integer","dwSourceId":"special_natural_wines_vermouth_production"},{"name":"special_natural_wines_vermouth_taxable_withdrawals","title":"Special Natural Wines/Vermouth/Taxable\nWithdrawals","type":"integer","rdfType":"http://www.w3.org/2001/XMLSchema#integer","dwSourceId":"special_natural_wines_vermouth_taxable_withdrawals"},{"name":"special_natural_wines_vermouth_stocks_end_of_month","title":"Special Natural Wines/Vermouth/Stocks End Of Month","type":"string","rdfType":"http://www.w3.org/2001/XMLSchema#string","dwSourceId":"special_natural_wines_vermouth_stocks_end_of_month"}]},"path":"data/2014_wine_page_1_of_3.csv","format":"csv"},{"name":"2014_wine_page_2_of_3","schema":{"fields":[{"name":"bulk_wine_gallons_by_state","title":"Bulk\nWine Gallons by State","type":"string","rdfType":"http://www.w3.org/2001/XMLSchema#string","dwSourceId":"bulk_wine_gallons_by_state"},{"name":"special_natural_wines_other_production","title":"Special Natural Wines/Other/Production","type":"integer","rdfType":"http://www.w3.org/2001/XMLSchema#integer","dwSourceId":"special_natural_wines_other_production"},{"name":"special_natural_wines_other_taxable_withdrawals","title":"Special Natural Wines/Other/Taxable\nWithdrawals","type":"integer","rdfType":"http://www.w3.org/2001/XMLSchema#integer","dwSourceId":"special_natural_wines_other_taxable_withdrawals"},{"name":"special_natural_wines_other_stocks_end_of_month","title":"Special Natural Wines/Other/Stocks\nEnd of Month","type":"string","rdfType":"http://www.w3.org/2001/XMLSchema#string","dwSourceId":"special_natural_wines_other_stocks_end_of_month"},{"name":"effervescent_wines_production","title":"Effervescent Wines/Production","type":"integer","rdfType":"http://www.w3.org/2001/XMLSchema#integer","dwSourceId":"effervescent_wines_production"},{"name":"effervescent_wines_taxable_withdrawals_artificially_carbonated_wines","title":"Effervescent Wines/Taxable Withdrawals/Artificially\nCarbonated Wines","type":"integer","rdfType":"http://www.w3.org/2001/XMLSchema#integer","dwSourceId":"effervescent_wines_taxable_withdrawals_artificially_carbonated_wines"},{"name":"effervescent_wines_taxable_withdrawals_naturally_carbonated_wines","title":"Effervescent Wines/Taxable Withdrawals/Naturally\nCarbonated Wines","type":"integer","rdfType":"http://www.w3.org/2001/XMLSchema#integer","dwSourceId":"effervescent_wines_taxable_withdrawals_naturally_carbonated_wines"},{"name":"effervescent_wines_stocks_end_of_month","title":"Effervescent Wines/Stocks\nEnd of Month","type":"string","rdfType":"http://www.w3.org/2001/XMLSchema#string","dwSourceId":"effervescent_wines_stocks_end_of_month"}]},"path":"data/2014_wine_page_2_of_3.csv","format":"csv"},{"name":"2014_wine_page_3_of_3","schema":{"fields":[{"name":"bottled_wine_gallons_by_state","title":"Bottled Wine Gallons by State","type":"string","rdfType":"http://www.w3.org/2001/XMLSchema#string","dwSourceId":"bottled_wine_gallons_by_state"},{"name":"still_wines_bottled","title":"Still Wines/Bottled","type":"integer","rdfType":"http://www.w3.org/2001/XMLSchema#integer","dwSourceId":"still_wines_bottled"},{"name":"still_wines_taxable_withdrawals_not_over_14_alcohol","title":"Still Wines/Taxable Withdrawals/Not Over\n14% Alcohol","type":"integer","rdfType":"http://www.w3.org/2001/XMLSchema#integer","dwSourceId":"still_wines_taxable_withdrawals_not_over_14_alcohol"},{"name":"still_wines_taxable_withdrawals_over_14_alcohol","title":"Still Wines/Taxable Withdrawals/Over\n14% Alcohol","type":"integer","rdfType":"http://www.w3.org/2001/XMLSchema#integer","dwSourceId":"still_wines_taxable_withdrawals_over_14_alcohol"},{"name":"still_wines_taxable_withdrawals_cider","title":"Still Wines/Taxable Withdrawals/Cider","type":"integer","rdfType":"http://www.w3.org/2001/XMLSchema#integer","dwSourceId":"still_wines_taxable_withdrawals_cider"},{"name":"still_wines_stocks_end_of_month_not_over_14_alcohol","title":"Still Wines/Stocks End of Month/Not Over\n14% Alcohol","type":"string","rdfType":"http://www.w3.org/2001/XMLSchema#string","dwSourceId":"still_wines_stocks_end_of_month_not_over_14_alcohol"},{"name":"still_wines_stocks_end_of_month_over_14_alcohol","title":"Still Wines/Stocks End of Month/Over\n14% Alcohol","type":"string","rdfType":"http://www.w3.org/2001/XMLSchema#string","dwSourceId":"still_wines_stocks_end_of_month_over_14_alcohol"},{"name":"still_wines_stocks_end_of_month_cider","title":"Still Wines/Stocks End of Month/Cider","type":"string","rdfType":"http://www.w3.org/2001/XMLSchema#string","dwSourceId":"still_wines_stocks_end_of_month_cider"},{"name":"effervescent_wines_bottled","title":"Effervescent Wines/Bottled","type":"integer","rdfType":"http://www.w3.org/2001/XMLSchema#integer","dwSourceId":"effervescent_wines_bottled"},{"name":"effervescent_wines_taxable_withdrawals_artificially_carbonated_wines","title":"Effervescent Wines/Taxable Withdrawals/Artificially Carbonated Wines","type":"integer","rdfType":"http://www.w3.org/2001/XMLSchema#integer","dwSourceId":"effervescent_wines_taxable_withdrawals_artificially_carbonated_wines"},{"name":"effervescent_wines_taxable_withdrawals_naturally_carbonated_wines","title":"Effervescent Wines/Taxable Withdrawals/Naturally\nCarbonated\nWines","type":"integer","rdfType":"http://www.w3.org/2001/XMLSchema#integer","dwSourceId":"effervescent_wines_taxable_withdrawals_naturally_carbonated_wines"},{"name":"effervescent_wines_stocks_end_of_month","title":"Effervescent Wines/Stocks End of Month","type":"string","rdfType":"http://www.w3.org/2001/XMLSchema#string","dwSourceId":"effervescent_wines_stocks_end_of_month"}]},"path":"data/2014_wine_page_3_of_3.csv","format":"csv"},{"name":"original/2014 wine page 1 of 3.csv","path":"original/2014 wine page 1 of 3.csv","format":"csv","mediatype":"text/csv","bytes":2499},{"name":"original/2014 wine page 2 of 3.csv","path":"original/2014 wine page 2 of 3.csv","format":"csv","mediatype":"text/csv","bytes":995},{"name":"original/2014 wine page 3 of 3.csv","path":"original/2014 wine page 3 of 3.csv","format":"csv","mediatype":"text/csv","bytes":3608}],"keywords":["alcohol","wine","beverages","drinking","us drinking","alcohol consumption"]}